,GARCH,GJR-GARCH,EWMA,MEM,P-WEV
0,0.9109082386717277,0.9108299416354055,0.9787262077473543,0.9787262077473543,0.0
1,0.9134409770275735,0.9132940669618179,0.9566787273352148,0.9305250022737421,0.0
2,0.9158782680344179,0.9156697517137374,0.928152550561751,0.8512989321634864,0.0
3,0.9182260275381494,0.9179604928290281,0.9137555221341469,0.830937892757207,0.0
4,0.9204932380914046,0.9201695312081253,0.9612644805605914,0.9001470891222889,0.0
5,0.9226683913977388,0.9222998005663596,0.9337437044852499,0.8335477176823937,0.0
6,0.9247630634616198,0.9243544327234597,0.9071129335438078,0.7736066416090723,0.0
7,0.9267889426481263,0.9263364297973411,0.9607900024199214,0.8541672589989042,0.0
8,0.928733465631207,0.9282483387823663,0.9502987671441377,0.8454940060143048,0.0
9,0.9306053690530236,0.9300924258814548,0.928497740421843,0.8078920440063696,0.0
10,0.9324087540633742,0.9318719921418174,0.9099691504573769,0.7813588439643291,0.0
11,0.934145982966053,0.9335886730041628,0.8895204219003465,0.7495647288491424,0.0
12,0.935819758747088,0.9352451633899213,0.8699345023165486,0.7211812313212538,0.0
13,0.9374318482625632,0.9368440555964822,0.845512637677983,0.6732593353457318,0.0
14,0.9389983246747987,0.9383811964435755,0.9442651115659509,0.7972614262769384,0.0
15,0.9405054087908684,0.9398658286086758,1.0082950444193932,0.8900270669005479,0.0
16,0.9419482481079972,0.9413030278229018,0.9872332038262586,0.8572531131345904,0.0
17,0.9433413928795265,0.9426891216676054,0.9887877666678065,0.8728109138545738,0.0
18,0.9446807078705401,0.9440287748950092,0.9617506203916838,0.8169545557286438,0.0
19,0.945974372270049,0.9453206445558814,0.9586119463985051,0.8260615077079005,0.0
20,0.9472255621544131,0.9465659383688375,0.9917039662316455,0.8846857270706396,0.0
21,0.9484318495883669,0.9477714289326546,1.0263311990150539,0.9427820312557311,0.0
22,0.9495876027249779,0.9489351712853192,0.9966006635252961,0.8710814581788116,0.0
23,0.9507016378332206,0.9500588816968939,0.9663817636381696,0.7907261328297227,0.0
24,0.9517829845214235,0.9511406475087675,0.999827252056067,0.8541283381680962,0.0
25,0.9528193941390276,0.9521879544290819,0.9784970183717653,0.8231537768038049,0.0
26,0.9538176236440435,0.9531997695790202,0.9490770565761061,0.7519306580944111,0.0
27,0.9547848979552956,0.9541747309216646,0.9623874462377711,0.7918369500272002,0.0
28,0.9557132894712026,0.955118390239822,0.9375964808673436,0.7502230568590473,0.0
29,0.9566094372365999,0.9560291287956042,0.920862607248432,0.7352646201650231,0.0
30,0.9574726320051216,0.9569091468070102,0.8956638764418184,0.6909075331278486,0.0
31,0.9583060792901985,0.9577586316516197,0.8807973680824964,0.6819874410380035,0.0
32,0.9591202071764486,0.9585797554589229,0.9670118053944602,0.7990165153850969,0.0
33,0.959893704553154,0.9593727936409788,0.9375585594353324,0.7204645863203806,0.0
34,0.9606437303524801,0.9601370021645641,0.9451985155416789,0.7541892205839325,0.0
35,0.9613653503099517,0.9608769716683205,0.9382915472820121,0.7610247897358582,0.0
36,0.9620644463794911,0.9615893683505204,0.9575986210825985,0.8070066757593746,0.0
37,0.9627335641297768,0.9622798967607524,0.9298348520207419,0.7471923676839127,0.0
38,0.9633923834481083,0.9629409266393006,1.0213401493019392,0.8684401433034991,0.0
39,0.96402061281916,0.9635827314274903,1.0423014196339015,0.9144147338629922,0.0
40,0.9646204574082741,0.9642055367547198,1.0116985594434098,0.8426593840636054,0.0
41,0.9652007718400644,0.9648072196385874,0.9974176206861826,0.8322401036567859,0.0
42,0.9657588705616676,0.9653884920767303,0.9679428809180057,0.7661529214101044,0.0
43,0.9662972401974304,0.9659500385787142,0.9388828931181027,0.7011024575079181,0.0
44,0.9668168966504481,0.9664924376440717,0.91326383258086,0.6611025813160551,0.0
45,0.9673255869416647,0.9670131994164068,0.956644873914175,0.7428445222211923,0.0
46,0.9678104987285241,0.9675189428619084,0.9441132299468405,0.740544490838544,0.0
47,0.9682772343129651,0.9680080694372794,0.9222798317981897,0.7125539188506684,0.0
48,0.9687304494983411,0.9684810367073735,0.9309213322956766,0.7470107495874933,0.0
49,0.9691643603896922,0.968938010316413,0.9064778359360617,0.70667150358559,0.0
50,0.9695935426868586,0.9693747008717606,0.9792336689401633,0.8123083687633045,0.0
51,0.9699970422559732,0.969801507827616,0.9527153241320168,0.7634859288264535,0.0
52,0.9703865916552524,0.9702136662270403,0.9284954503212459,0.7256455639854399,0.0
53,0.9707635490958628,0.9706114372245676,0.9153529247569548,0.7207732076174918,0.0
54,0.9711268095560993,0.9709965464385616,0.9000264391612354,0.7098635157398294,0.0
55,0.9714796200889454,0.9713686923788662,0.9084174902769709,0.7419771164154416,0.0
56,0.9718193839003811,0.9717283013302753,0.9098054495650754,0.7609074166855174,0.0
57,0.9721468870486452,0.9720746664525352,0.9057253235787585,0.7687384273392296,0.0
58,0.9724607461056654,0.9724103328548521,0.8813936678172297,0.7227858221904281,0.0
59,0.9727635638355366,0.9727348720841943,0.8583866480015439,0.6836335831117417,0.0
60,0.973058564822317,0.9730485107090006,0.8658633130710746,0.7128247375128035,0.0
61,0.9733409361192167,0.9733512105792194,0.8476512238650691,0.6894596875460521,0.0
62,0.9736127070200735,0.9736440502930162,0.8230856558206465,0.6390796164578286,0.0
63,0.9738791423861184,0.9739251880745168,0.8427694948745931,0.6858051522126486,0.0
64,0.9741369639419157,0.9741965627525893,0.8680434398412182,0.7368452993994509,0.0
65,0.9743828676564387,0.9744610803221709,0.864812893849146,0.7444133516989255,0.0
66,0.974624125061103,0.9747167375476425,0.901881634024963,0.8055960193861154,0.0
67,0.9748508489020349,0.974963769773095,0.8745845758648193,0.7322374296055372,0.0
68,0.9750729274437934,0.9752025421801264,0.8828527545119293,0.7593669764341859,0.0
69,0.9752843238390214,0.9754332893112775,0.8605289558504572,0.7195938812955307,0.0
70,0.9754894283479574,0.9756556255529586,0.8491467768840437,0.7121464686264901,0.0
71,0.9756862585795857,0.9758711779277961,0.8280239373302284,0.6770713823146826,0.0
72,0.9758836895527858,0.9760795423080869,0.8868030283730026,0.7631679007298112,0.0
73,0.976066346104073,0.9762808776684895,0.8598322189638715,0.6904337145678253,0.0
74,0.976250768343078,0.9764755124945892,0.9175180348434444,0.7778547086924434,0.0
75,0.9764443367785318,0.9766530245109333,1.0968650091197771,0.9620437482321735,0.0
76,0.9766095963570156,0.9768351611975996,1.0823389029963513,0.9480296238464786,0.0
77,0.9767668975997189,0.9770111864622986,1.0495830993343576,0.861931368285648,0.0
78,0.9769190332210959,0.9771811639041238,1.020240915275296,0.80563896650367,0.0
79,0.9770655313742017,0.9773456037519285,0.989415603321623,0.7342511475068532,0.0
80,0.9772206167478188,0.9774984380030721,1.075747392907731,0.8595829242162571,0.0
81,0.977356761938342,0.9776521714729884,1.0443628921238437,0.7955918205783826,0.0
82,0.977488353098599,0.9778008485861042,1.0163188391161833,0.751743895671719,0.0
83,0.9776222202162379,0.9779445862732967,1.0497523480454163,0.8243589105786986,0.0
84,0.9777451391037177,0.9780830408379765,1.0256595116519993,0.7937500413481935,0.0
85,0.9778651179773787,0.9782162644022481,1.0139420605571292,0.7952243975026929,0.0
86,0.977979503544134,0.9783456584457418,0.9907065155150785,0.7658776621108773,0.0
87,0.9780917179519175,0.9784711499950733,0.9863503931750589,0.7808301076699969,0.0
88,0.9781976062890584,0.978592433082906,0.9596866726988272,0.7356222078689657,0.0
89,0.9783004977087094,0.9787092039070292,0.9394558805926538,0.715036007458773,0.0
90,0.9783996117172375,0.9788225311880502,0.9194723040739171,0.6948591500242314,0.0
91,0.9784944574470563,0.9789320663057416,0.8917785610322235,0.6350809899566123,0.0
92,0.9785890496110357,0.9790379562563011,0.8965764043642732,0.66843739001424,0.0
93,0.9786790378514245,0.9791395053263785,0.8861100421101029,0.6717989604005513,0.0
94,0.9787645300602862,0.9792382658847769,0.8628564743127618,0.637385279020273,0.0
95,0.9788472086594436,0.9793336528871776,0.8420658797106112,0.6128575664314615,0.0
96,0.9789339070502666,0.9794227850664794,0.8916518430591656,0.6979233046015272,0.0
97,0.9790103719319767,0.9795122648591333,0.8675261735453786,0.6577430018478322,0.0
98,0.9790841104328643,0.9795987555240503,0.8435250757310563,0.6180742288810379,0.0
99,0.9791550801659596,0.9796823561584989,0.8178288629231603,0.5567781516571801,0.0
100,0.979223794700184,0.9797630679195043,0.7949938826664568,0.5245590498289768,0.0
101,0.9792968920814071,0.9798380715879141,0.8451572737163203,0.6136402190511207,0.0
102,0.9793611047435424,0.9799133886991033,0.8258631348658986,0.5943407294225446,0.0
103,0.9794228686258146,0.9799862854876591,0.8050926138457539,0.5691781081329671,0.0
104,0.9794843288937003,0.9800559269249689,0.8049239708565219,0.5924880242418322,0.0
105,0.9795414673128355,0.9801242137038401,0.7814020909718131,0.54936779298425,0.0
106,0.9795970117196754,0.9801902726719199,0.76403488127321,0.5348360993672788,0.0
107,0.9796619801190434,0.9802541849624127,0.8730327468368875,0.6699710795516041,0.0
108,0.9797129052782138,0.9803159035515746,0.8475161657399675,0.6204317528796276,0.0
109,0.9797621688028041,0.9803755628495717,0.8241156255919605,0.5841436166639412,0.0
110,0.9798095520735205,0.9804332169498197,0.7992178064499029,0.5331738465741638,0.0
111,0.9798680168502869,0.9804832879001626,0.9062699016393564,0.6717335834466516,0.0
112,0.9799116926321951,0.9805373572430478,0.8786852711157985,0.6072116126469081,0.0
113,0.9799538470458955,0.9805896255767542,0.8520447159783728,0.55251347237632,0.0
114,0.9800148482389415,0.9806402542435604,1.022973649918865,0.7435863363872166,0.0
115,0.9800535570500292,0.980689021916369,0.9929283698076697,0.6884637992266072,0.0
116,0.9800910398821089,0.9807362314349651,0.9655092908382029,0.6497721535373077,0.0
117,0.9801269552838977,0.9807818602478301,0.9361346023252,0.5882661151541012,0.0
118,0.9801664014774527,0.9808238411466211,0.9516909242958983,0.6463073074006442,0.0
119,0.9802039815077237,0.9808665738162682,0.9642278348951104,0.6959588581120819,0.0
120,0.9802377852011915,0.9809078683949461,0.9528249554194377,0.7015562755695512,0.0
121,0.9802706125944561,0.9809477866101154,0.9438997639603546,0.7105038427169008,0.0
122,0.9803031948674739,0.9809850616479071,0.94186468832653,0.7303922039246846,0.0
123,0.9803382304586332,0.9810224282385219,0.9756805104013951,0.7976324146258261,0.0
124,0.9803723895110538,0.9810554672649018,1.0063530667760745,0.8580542794424716,0.0
125,0.9803996023047161,0.9810904579659875,0.9862280569024873,0.8309345608782515,0.0
126,0.9804408017989665,0.9811243584400047,1.0964364023174857,0.9668866673714241,0.0
127,0.9804679958237666,0.9811555075732379,1.0903724822057375,0.9692516331473506,0.0
128,0.9804919461089834,0.9811866393730829,1.0662171486463752,0.9289562427928928,0.0
129,0.9805139236211999,0.9812172502905012,1.0340240283752502,0.8460257550223677,0.0
130,0.9805360397434059,0.9812464283330211,1.0100804986926544,0.8117707449317508,0.0
131,0.9805648266579627,0.9812713265436599,1.0503905376552078,0.8856600135451891,0.0
132,0.9805842548028861,0.9812991135817009,1.0185298805586,0.8039503096712729,0.0
133,0.9806069671312391,0.9813242093628564,1.021209225059708,0.8297856500767561,0.0
134,0.9806256245798293,0.9813502367598177,0.9968718934183683,0.7941663281325986,0.0
135,0.9806459176967142,0.9813740636799125,0.9923954921925312,0.8066921187427191,0.0
136,0.9806704848259082,0.9813984662276322,1.034357618882385,0.8810163473702012,0.0
137,0.9806884125481764,0.9814210430012276,1.0210343216136117,0.8712400418668047,0.0
138,0.9807039269781977,0.9814436628858365,0.993067891924531,0.8163221893006918,0.0
139,0.980720655314402,0.9814657152425379,0.983219926298567,0.8160416921075897,0.0
140,0.9807399566245715,0.9814846639993248,0.9998098599186506,0.8575239545402262,0.0
141,0.9807534326519441,0.9815053392743843,0.9709515188422774,0.7945175525466166,0.0
142,0.9807719331367449,0.9815253535298075,0.9943336319515602,0.8457800727201978,0.0
143,0.9807931291510673,0.9815406796762464,1.041353710463408,0.9219503889043008,0.0
144,0.9808047011644853,0.9815594874074135,1.0106423091188814,0.8482187358671012,0.0
145,0.9808159748867041,0.9815776687458777,0.981919726030116,0.7893851417052334,0.0
146,0.9808286379731188,0.9815952531894886,0.9710773334987701,0.7886289147124411,0.0
147,0.9808442347246612,0.9816098612047609,0.9890472890845433,0.8334610943290052,0.0
148,0.980860024829141,0.9816236553207957,1.0119970393558644,0.8821606462045323,0.0
149,0.9808700375002185,0.9816397012100598,0.9894620291250442,0.8461387381457689,0.0
150,0.9808791043934247,0.9816552092124271,0.9620732791339547,0.7912233316545106,0.0
151,0.9808877753294278,0.981670199915963,0.9347805597265118,0.7371502835236473,0.0
152,0.9808963272380604,0.9816846919188884,0.9102677599826732,0.6980800761209801,0.0
153,0.9809058734412545,0.9816979618182169,0.8981192395720711,0.6962745406667311,0.0
154,0.9809135857978851,0.9817115274661863,0.8726153706936645,0.6498724563161583,0.0
155,0.9809211308372385,0.9817246415103562,0.8490722104373192,0.6141924580144106,0.0
156,0.9809299812876086,0.9817365058029858,0.8415973374071933,0.6242083540156063,0.0
157,0.9809482907841602,0.9817488455645332,0.9352303380543597,0.7483649697285213,0.0
158,0.9809550770895277,0.9817607181871773,0.9141375696910303,0.7209117648468479,0.0
159,0.9809658937746146,0.9817699816081488,0.933092111148852,0.7679509380824281,0.0
160,0.9809727465206778,0.9817811533209214,0.9188498207408731,0.7568112051375683,0.0
161,0.9809813279509448,0.981790456026726,0.9222950476868179,0.7785982516465435,0.0
162,0.9809882675979557,0.9818009486119061,0.9147461921731496,0.7794468868561344,0.0
163,0.9809973743199678,0.9818111038908618,0.9311796729263854,0.8173617560712614,0.0
164,0.9810041409394341,0.9818198344543296,0.9249221677170035,0.8176938122993064,0.0
165,0.981011313197527,0.9818293532672979,0.9272743765132992,0.832262043993808,0.0
166,0.9810157317165686,0.9818385420186634,0.9046937541491007,0.790313932288077,0.0
167,0.9810216617076183,0.9818474331076428,0.8999497296336167,0.7934885550587183,0.0
168,0.9810371744978386,0.9818560781697961,0.9885263588080382,0.9038189978182413,0.0
169,0.9810404020747865,0.9818642681992803,0.9602948609585016,0.8379759096367042,0.0
170,0.9810453060437588,0.9818713900059974,0.9491698157400128,0.8295519351087828,0.0
171,0.9810508142320827,0.98187793014548,0.9456966183697261,0.8355481845604569,0.0
172,0.9810556947838656,0.9818844461821112,0.9384105464131904,0.8335743946009551,0.0
173,0.9810580729670951,0.981891782417671,0.9100187760799263,0.7579271260822701,0.0
174,0.9810606910911266,0.9818988899321144,0.8862444372994419,0.7162496109557075,0.0
175,0.9810630910036537,0.9819057599571903,0.8619146816196979,0.6722937297931387,0.0
176,0.9810674021552112,0.9819124112947196,0.8598703570522929,0.6877826817174273,0.0
177,0.9810693423467848,0.9819188295515822,0.8336813252271803,0.6203046027334753,0.0
178,0.9810782089131491,0.9819250698915335,0.8832263343662535,0.7036275501758595,0.0
179,0.981080045438045,0.9819309450390308,0.858770066209657,0.6597304784820692,0.0
180,0.9811063338478918,0.9819368730457677,1.0663939622449887,0.8657743472928242,0.0
181,0.9811081723527897,0.9819424826826988,1.0452042362875165,0.8417636473400425,0.0
182,0.9811112984643109,0.9819467410820929,1.0348854653590707,0.8433030382476665,0.0
183,0.9811157420769911,0.9819502237531306,1.037081142134494,0.8660619842290112,0.0
184,0.981116732539203,0.9819553858645741,1.0124089270334211,0.8277030273304287,0.0
185,0.9811171561308356,0.9819602835581314,0.9830918890878311,0.7672790031299709,0.0
186,0.9811190091191653,0.9819651151535981,0.9690558729922071,0.761951152226183,0.0
187,0.9811198571716799,0.9819697809347394,0.946658522826773,0.7330797994609193,0.0
188,0.981120001677379,0.9819742749375021,0.91799284329523,0.6670547107805146,0.0
189,0.9811226551885698,0.9819775012843172,0.9138773357395357,0.6850286115093036,0.0
190,0.9811306577831591,0.9819782021371671,0.9605973165379948,0.7680104728269598,0.0
191,0.9811311326294208,0.9819821014141826,0.937733921969746,0.7358609207509659,0.0
192,0.9811332411734547,0.9819862098526574,0.9330537753008226,0.7479147081082165,0.0
193,0.9811330220036397,0.9819901698345426,0.9061479761183999,0.6945326117104152,0.0
194,0.9811381076148133,0.9819915845766567,0.9300267800624207,0.7496532284105725,0.0
195,0.981137670566474,0.981995365228651,0.9026917086802105,0.6920059981546334,0.0
196,0.9811376244522496,0.9819990218393451,0.8802666361120725,0.6613371363120537,0.0
197,0.9811398876562584,0.9820013247956374,0.8804824970802215,0.6835891663009617,0.0
198,0.9811393695583338,0.9820047808172525,0.854489523924444,0.6306027602654183,0.0
199,0.9811388127043458,0.9820081213993659,0.8285810165584372,0.5733633560834764,0.0
200,0.9811428504570898,0.9820093142127895,0.8507270872873003,0.6303240502581912,0.0
201,0.9811425582226133,0.9820125057242757,0.8294534888317567,0.6030703812672004,0.0
202,0.981142883908945,0.9820155940175925,0.8158322510344301,0.5988417957773038,0.0
203,0.9811460481564959,0.9820185940415812,0.8342825215949582,0.6472627405171011,0.0
204,0.9811488938021342,0.9820214930396882,0.8490557179484098,0.6879166716688814,0.0
205,0.981154619314923,0.9820213346278942,0.8896742374006756,0.7568919412977024,0.0
206,0.981156632190273,0.9820227428124586,0.8926365341516744,0.7749852511594444,0.0
207,0.9811563071351056,0.9820254891973377,0.8745899969495972,0.7489902527643659,0.0
208,0.981155989173769,0.9820281440568797,0.8572349521570644,0.7254698225791503,0.0
209,0.9811556865175759,0.9820307104841437,0.8406408891779497,0.7044276089518401,0.0
210,0.981204478822077,0.9820334434422013,1.246951833323715,1.0192579971221283,0.0
211,0.9812026891805128,0.9820358343269089,1.217025267060459,0.9744212484792322,0.0
212,0.9812041629446722,0.9820381619844211,1.2122920564011352,0.9905356876493688,0.0
213,0.9812043199757385,0.982040405593888,1.1983655828241164,0.9868822952337521,0.0
214,0.9812028598740072,0.9820425661800016,1.172763360456066,0.9533331908409568,0.0
215,0.981200468410749,0.9820444792896375,1.1396557144363721,0.8895267962208957,0.0
216,0.9811996439286166,0.9820465067260531,1.1204678912222334,0.8764710386481329,0.0
217,0.9811991121636061,0.9820475114364607,1.1027043693927676,0.8661064562370768,0.0
218,0.9811966940961684,0.9820493296033957,1.0706841242173735,0.80317767128737,0.0
219,0.9811950007412897,0.9820508022353795,1.0448527602651636,0.7713962589415435,0.0
220,0.9811925179994861,0.9820526095288482,1.0132208326311312,0.7024440469860214,0.0
221,0.9812080113330092,0.9820544484497131,1.1342301905493273,0.8636654989547701,0.0
222,0.9812171369622177,0.9820507679518526,1.191003860452279,0.9640254683184679,0.0
223,0.9812153852489586,0.9820525840836833,1.1668924401199408,0.9362489405240725,0.0
224,0.9812212146932003,0.9820503163125234,1.1983283513594032,1.0038956335906304,0.0
225,0.9812186234800799,0.9820517762331468,1.1675592355714934,0.9506992568105107,0.0
226,0.981219196940445,0.9820535709724377,1.1629925617184005,0.9645243908261962,0.0
227,0.9812158664543708,0.9820552859868004,1.1276730518846687,0.8744999536531229,0.0
228,0.9812167248835568,0.9820551296820027,1.1247398586390114,0.8948244360807412,0.0
229,0.9812153013734987,0.9820559795081653,1.104462280217613,0.8768723633986639,0.0
230,0.9812135834151982,0.9820576218526332,1.0836779497339162,0.8571449019522651,0.0
231,0.9812123449570708,0.9820583549435022,1.0657872910757962,0.8444670749287523,0.0
232,0.9812093786823056,0.9820599112153288,1.0346785278963664,0.7816662263940746,0.0
233,0.9812063849068928,0.9820614149695416,1.003220157433022,0.7080567877450485,0.0
234,0.9812050172411156,0.9820621903750127,0.9856665886612687,0.7024111437311253,0.0
235,0.9812175126975238,0.9820636969307833,1.0904293108918772,0.8465644382905454,0.0
236,0.9812155198504072,0.9820650811399118,1.0685528142026501,0.825299896693292,0.0
237,0.9812264907450143,0.9820601105696651,1.1486378713561707,0.9452841656897235,0.0
238,0.9812229953863225,0.9820616081588048,1.1145818653793829,0.8694011805976939,0.0
239,0.981221096914282,0.9820623563670188,1.0927181018230037,0.8486397090147633,0.0
240,0.9812200548951541,0.9820637907586941,1.0798099066339764,0.8490190715929093,0.0
241,0.9812189206245265,0.9820641720082753,1.0647607316424375,0.8433692382768885,0.0
242,0.9812156528510448,0.9820655068232544,1.0327063269724377,0.7705059585958896,0.0
243,0.9812132422200409,0.9820668282575239,1.0088578420266625,0.7439540906343463,0.0
244,0.9812125493493392,0.9820681140515078,1.0008488497608043,0.7561342009879238,0.0
245,0.9812144864325836,0.9820671023016803,1.0139226808543804,0.8005504215947091,0.0
246,0.9812117355930449,0.9820681779995142,0.9864432650652671,0.753945503019333,0.0
247,0.9812094840062037,0.9820690383573731,0.963441995761392,0.7260454838334953,0.0
248,0.981208016468289,0.9820695562813806,0.9477012164247831,0.718773858707517,0.0
249,0.9812154307961829,0.9820707918761028,1.0155092615765862,0.823441896864875,0.0
250,0.9812127314180766,0.9820719357104041,0.9895575414798907,0.7815958782744831,0.0
251,0.9812151760953551,0.9820705682751738,1.0078989934530727,0.8295246858805394,0.0
252,0.9812147250318265,0.9820717310513972,1.0027247834648174,0.838358411997963,0.0
253,0.9812265699584065,0.9820729181381073,1.1024256833742756,0.9667381904994301,0.0
254,0.981226467322179,0.9820740064475796,1.0983537294406303,0.9733108975046019,0.0
255,0.981230906962657,0.982071471338573,1.128054593397039,1.027916804349543,0.0
256,0.9812280202643645,0.9820722080058685,1.1001025833905618,0.973548531201214,0.0
257,0.9812296682560028,0.9820733292203521,1.1108177095903877,1.0028847929997549,0.0
258,0.9812277568907474,0.9820735895363261,1.09083857158491,0.9733632602616575,0.0
259,0.9812247360441501,0.9820746407120866,1.0631799485458542,0.9204088770501146,0.0
260,0.9812231474302299,0.9820756636770526,1.0481097184047619,0.905831394688037,0.0
261,0.9812227072222258,0.9820752931141378,1.0412367400615659,0.9079413023770415,0.0
262,0.9812192682150644,0.9820762750877718,1.0096217648226744,0.8230997077455174,0.0
263,0.9812520076487633,0.9820612024501985,1.2603669226504397,1.064916470977873,0.0
264,0.9812512219339968,0.9820610212630847,1.2474676329715992,1.0608635880135147,0.0
265,0.9812470203566808,0.9820623767988191,1.2110459965909421,0.9800340443514792,0.0
266,0.981248159532378,0.9820613781284927,1.2132815970165667,1.0068089581128163,0.0
267,0.9812526595872006,0.9820628783955826,1.2424230759092303,1.0693691926946982,0.0
268,0.9812552836516798,0.9820611160411342,1.2544785590977456,1.1054464112212916,0.0
269,0.9812514052519654,0.9820622618392635,1.2210289992207979,1.038906218768861,0.0
270,0.9812469907054729,0.9820636874839721,1.1842646215414867,0.948089654620584,0.0
271,0.9812495605622812,0.9820651006918323,1.2012368017303001,0.9974080180651372,0.0
272,0.9812523487732913,0.9820632392488965,1.2165910034324374,1.0412534313765676,0.0
273,0.981252307821889,0.9820646549427302,1.2134517066263546,1.0534444634544067,0.0
274,0.9812478193174019,0.9820660005239025,1.176487749442304,0.9491233232109247,0.0
275,0.9812468818085485,0.9820657916682537,1.1657090430452475,0.9523618559946274,0.0
276,0.9812432500137276,0.9820671029176151,1.135850912712927,0.9033360178214919,0.0
277,0.9812391869285706,0.9820683676219603,1.102327239933882,0.8329083855966897,0.0
278,0.9812364539743583,0.9820690113494099,1.0788111239896492,0.8096392347529002,0.0
279,0.9812325253554296,0.9820702119511437,1.0460859308074641,0.7356555197766121,0.0
280,0.9812292779276823,0.9820711259729258,1.0186000305472762,0.700621327485127,0.0
281,0.9812256205209344,0.9820722562338642,0.9879607442390769,0.6419109292617391,0.0
282,0.9812234664033138,0.9820733558963399,0.971497538873098,0.6439329037876699,0.0
283,0.9812283239523053,0.9820744545326928,1.0188748600392727,0.7381412950234382,0.0
284,0.9812300278429088,0.9820730914418856,1.0333203056859972,0.7881087154037794,0.0
285,0.9812414963188492,0.9820742340052888,1.1299007414539883,0.9226011813290281,0.0
286,0.9812505680478247,0.9820694009553543,1.1952882292688456,1.0255498431483756,0.0
287,0.9812462382021861,0.9820705445455286,1.159471188461115,0.9381733683370964,0.0
288,0.9812430631237256,0.9820716996744174,1.1333481630928308,0.9031877521518444,0.0
289,0.9812391298163787,0.9820728118630278,1.1009753680454135,0.8409681637101634,0.0
290,0.9812364950215254,0.9820732647719965,1.078277903371509,0.8191412993212065,0.0
291,0.9812327303374849,0.9820742458262763,1.0466714551142247,0.7580393944248134,0.0
292,0.9812298104355923,0.9820748766355859,1.0219456258276862,0.7315355484482153,0.0
293,0.9812273582784777,0.9820753236020688,1.0012749569539405,0.717318469297815,0.0
294,0.9812260825550446,0.982076325889597,0.9928282179981992,0.7305468320701359,0.0
295,0.9812228947573721,0.9820772847455876,0.9665469474678415,0.6931936974596271,0.0
296,0.9812211468474549,0.9820774453050939,0.9523484887330348,0.6931652872397299,0.0
297,0.9812203777773207,0.9820783783976499,0.9492662332061227,0.7138087460590821,0.0
298,0.981217282400532,0.9820792683289492,0.9234208024226442,0.6731578235408349,0.0
299,0.9812161542076602,0.9820801381525065,0.9171631856440102,0.6871282530706475,0.0
300,0.981214190722766,0.98208097450887,0.9024981768787974,0.681378311955944,0.0
301,0.9812134657355844,0.9820806919868834,0.898257616389308,0.6961399818525569,0.0
302,0.9812114642673812,0.9820809974802274,0.8816364945628593,0.6825440876869981,0.0
303,0.9812101992243587,0.9820818079547076,0.8741583368977663,0.6890190394306245,0.0
304,0.9812083641053662,0.9820825882761888,0.8606141654337998,0.6811541620309086,0.0
305,0.9812054083658793,0.9820833341012215,0.8344120983293635,0.6151289052242326,0.0
306,0.9812025833219802,0.9820840576472211,0.8095028596246907,0.5653487530326875,0.0
307,0.9812052073603923,0.9820847845474726,0.8449395493832216,0.6365803673082613,0.0
308,0.9812036197131401,0.9820848973702572,0.8319163864659449,0.6320794694610181,0.0
309,0.981201772598902,0.9820855735296455,0.8176299372548126,0.6235812606319201,0.0
310,0.9811992060795507,0.9820861485145088,0.7942672746371245,0.5814423998121174,0.0
311,0.9811967528137047,0.9820866936479676,0.771914489901714,0.5450662801536277,0.0
312,0.9811981584882956,0.9820873254322087,0.7953235160390912,0.600437337336984,0.0
313,0.9811977634719683,0.9820879271760394,0.7971611219856996,0.6229352385020885,0.0
314,0.9811973174198606,0.9820885085398572,0.7981514761078394,0.6419926782519436,0.0
315,0.9812003650422753,0.9820890883892761,0.8373049187960626,0.7083412911421821,0.0
316,0.9811976821656271,0.9820896200577172,0.8118135408451107,0.6396075461912399,0.0
317,0.9811965873855549,0.9820901416780392,0.804613163512125,0.6438420887016123,0.0
318,0.9811944027461627,0.9820904747524949,0.7837946988452981,0.6104845554907967,0.0
319,0.9811922444898257,0.9820909618573107,0.764054390463697,0.5818527351905612,0.0
320,0.9811899188973884,0.9820913975662959,0.7414638209431729,0.5366817671082735,0.0
321,0.9811876201255899,0.9820918524088923,0.7192683608605919,0.492713186896718,0.0
322,0.9811865096668468,0.9820922977812422,0.7124316595538077,0.5029575707507375,0.0
323,0.9811866855115075,0.9820916654108278,0.7192179381458587,0.5344838819990111,0.0
324,0.9811990834074499,0.9820921861947182,0.8654034011284905,0.690274221367656,0.0
325,0.9812000088885028,0.9820910301041638,0.8744780856010312,0.7218485373808606,0.0
326,0.9812024976597891,0.98208920354824,0.8984900923828052,0.7710825449215478,0.0
327,0.9812041508476836,0.9820897540091132,0.9161444356991988,0.8097853777793999,0.0
328,0.9812033663756923,0.9820902739134829,0.9091563004784196,0.8079731093977535,0.0
329,0.9812018247313675,0.9820907724711649,0.8946188019150184,0.7895877801631936,0.0
330,0.981200354128404,0.9820912545085408,0.8809150455272213,0.7734635530733023,0.0
331,0.9811976748098102,0.9820917125393824,0.8540840926962417,0.6973418750506635,0.0
332,0.9811979327305475,0.9820908906596415,0.8567356556032805,0.7173331246941803,0.0
333,0.981195345563557,0.9820913623403577,0.8308435499115586,0.6531802680441349,0.0
334,0.9811944802514591,0.9820910873446689,0.8224328684920994,0.6555784123909326,0.0
335,0.9811951096340709,0.9820915683590477,0.8323842763145017,0.6875325444936145,0.0
336,0.9811927024697867,0.9820919758217866,0.8078300073997844,0.6334850281944668,0.0
337,0.9811927045193812,0.982091335721906,0.8089009203350811,0.6526862450542713,0.0
338,0.981190680119129,0.9820916177866772,0.7881997136111537,0.6195562047141435,0.0
339,0.9811888623342739,0.9820920678927466,0.7708527773708241,0.5988937296702916,0.0
340,0.9811877302405816,0.9820919881844535,0.7600186092481795,0.59537681198366,0.0
341,0.9811878864274562,0.982091356003433,0.7638935606172171,0.6180611703419372,0.0
342,0.9811858096313308,0.9820918130050886,0.7430238065216923,0.5806237744569347,0.0
343,0.9811838070024482,0.9820922547914812,0.7228830000021802,0.5470580541221135,0.0
344,0.9811826371229445,0.9820922637972604,0.7117764570242154,0.5430465662470152,0.0
345,0.9811813841821815,0.9820923275182837,0.6996719276983284,0.535845740184146,0.0
346,0.9811795161117901,0.9820927520644358,0.6807343009061686,0.505466159901495,0.0
347,0.9811848612231113,0.982089915612219,0.7492744041603062,0.5997279780610779,0.0
348,0.9811896214979379,0.9820873509162565,0.8041048820501794,0.6805015576926257,0.0
349,0.9811891560136398,0.9820871203038244,0.7992241910751814,0.6842958240486067,0.0
350,0.9811870454307683,0.9820876360570026,0.7766384811083117,0.6372109568149308,0.0
351,0.9811851160385161,0.9820882175970459,0.7568203891140199,0.6045806176932381,0.0
352,0.9811901707390237,0.9820888152652822,0.8179309465410124,0.6916581776188695,0.0
353,0.9811902336817809,0.98208936829917,0.8203689249765435,0.7082583221771845,0.0
354,0.9811880110825177,0.9820898423564519,0.7963414359966151,0.6534263429558088,0.0
355,0.9811857624611757,0.9820903467271718,0.7720957186086592,0.5899853294504969,0.0
356,0.9811871268920883,0.9820892626827438,0.7878247256781536,0.6312397329692281,0.0
357,0.9811849088844009,0.9820897864230129,0.7638378719720063,0.5699670732715443,0.0
358,0.9811830836231041,0.9820901520891111,0.7439360359389733,0.5418362298364037,0.0
359,0.981181315905123,0.9820906499283147,0.7255916290763551,0.5199244628865722,0.0
360,0.9811817238080434,0.9820900495792072,0.7320880285134883,0.5506551109531473,0.0
361,0.9811805409540229,0.9820905535908409,0.7210956640519117,0.5475242512819498,0.0
362,0.9811863336878061,0.9820910764058475,0.7935600379539905,0.6460457174540126,0.0
363,0.9811841935709774,0.9820915172279148,0.7698460937101831,0.5923171605542972,0.0
364,0.9811825716782705,0.982091970532203,0.7528516228189193,0.5732566167087617,0.0
365,0.9811820394048418,0.9820924140353801,0.7492371825930106,0.5849453542089968,0.0
366,0.9811805917025688,0.982092568597271,0.7330304539763237,0.5665728659766808,0.0
367,0.981178739856761,0.9820929850536924,0.7128160170012794,0.5323248275600544,0.0
368,0.9811768089200948,0.9820933868402425,0.6911076528019359,0.48035158488222846,0.0
369,0.9811749663117966,0.9820937754107504,0.6704807511848347,0.4420840362488888,0.0
370,0.9811752935618289,0.9820932049030174,0.6770704682697319,0.4751766110095466,0.0
371,0.9811734824521727,0.982093599427436,0.6564716283140853,0.4301099673344862,0.0
372,0.981172515063168,0.9820939848088882,0.6480569702884686,0.43689879972558254,0.0
373,0.9811777703813853,0.982094389118609,0.721892119891723,0.5383232805325284,0.0
374,0.9811788786534141,0.9820947596080888,0.7382903018885942,0.5804180350877963,0.0
375,0.9811924169080688,0.9820951817676177,0.8891231058695511,0.7376944773301723,0.0
376,0.9811921070855213,0.9820945778859896,0.8822906779989595,0.7406597858859602,0.0
377,0.9811921869889753,0.9820949393668482,0.8816956547753642,0.753825870969432,0.0
378,0.9811898807349562,0.9820952765771006,0.8560145159136394,0.6967774844463239,0.0
379,0.9812035717594283,0.9820956842627867,0.9881849085810278,0.8460800293234588,0.0
380,0.9812030983229901,0.9820949639819626,0.978324902995391,0.8423018549266281,0.0
381,0.9812028211312825,0.9820941877937325,0.9705670534310411,0.8420438536520429,0.0
382,0.981201349057641,0.9820939728491934,0.9523847297695441,0.8177787328312409,0.0
383,0.9812142164509859,0.9820874162950162,1.0598445432952912,0.9483904319790976,0.0
384,0.9812120576272233,0.982087556119835,1.035596122610059,0.9061268909492639,0.0
385,0.9812110213121832,0.9820872256678638,1.0211213019447518,0.8914274680097074,0.0
386,0.9812080270409561,0.9820878196953781,0.9906989895769872,0.8173240998563575,0.0
387,0.9812054326772222,0.9820883954480449,0.964159347561748,0.7697672874484377,0.0
388,0.9812142920264056,0.9820890103524705,1.0416468085280617,0.8804076426251826,0.0
389,0.9812140741873091,0.9820895597504455,1.0363998830689014,0.8874092621812693,0.0
390,0.9812121182270168,0.9820895401748109,1.0147148881546566,0.8563587015293826,0.0
391,0.9812118811790017,0.9820887874574359,1.0081153015849889,0.8605642985112801,0.0
392,0.9812095590796649,0.9820893330520656,0.9848034026597108,0.8236997858108026,0.0
393,0.9812126416574701,0.9820871516145061,1.0080815545539639,0.8733531279317867,0.0
394,0.9812206930026822,0.98208780509691,1.0754111716248376,0.9691636917240434,0.0
395,0.9812218801466366,0.9820884030036668,1.0819350149959093,0.9901913346237677,0.0
396,0.9812192566447671,0.9820885980963738,1.0552515916242056,0.9380897663718615,0.0
397,0.9812260980656794,0.9820846211592597,1.1058175080969281,1.0155942426437632,0.0
398,0.9812285758494899,0.9820853327324409,1.122248031351615,1.0494220557959282,0.0
399,0.9812249722247096,0.982085962631787,1.0884215028238142,0.9559338347415972,0.0
400,0.981226482400938,0.9820866243440378,1.097958578031043,0.9841220824647837,0.0
401,0.9812317244959387,0.9820833121160046,1.1338933945814051,1.0451526400977422,0.0
402,0.98122924745227,0.982083459529691,1.1091106353954379,1.0005748783833452,0.0
403,0.9812255610130464,0.9820841784432404,1.0753234244810441,0.901041760516829,0.0
404,0.9812220049062349,0.9820848737042243,1.0426282509959197,0.8156356438416204,0.0
405,0.9812193150232128,0.982085213966049,1.016859275074674,0.7790786266053827,0.0
406,0.9812172136650613,0.9820858810731777,0.997616730252949,0.7634557571795944,0.0
407,0.9812179502303741,0.9820847388444747,1.0019548866719772,0.7938722243998944,0.0
408,0.9812147437919196,0.9820853761475623,0.9720571455915537,0.7287229504620343,0.0
409,0.981211596211379,0.9820860316712643,0.9429049002833747,0.6678802185870207,0.0
410,0.9812093581500507,0.98208666945746,0.9228240952418615,0.6525360801341936,0.0
411,0.9812079940589412,0.9820872900805917,0.9115326632636214,0.6584439599296632,0.0
412,0.981209482805028,0.9820859091128933,0.9257037747080271,0.7050637731204838,0.0
413,0.9812146677847633,0.9820829087507877,0.9729965093099149,0.7879688128819977,0.0
414,0.981216871727119,0.9820836739281568,0.9939146635272683,0.8369396137836489,0.0
415,0.9812139494352972,0.9820843876959086,0.9670679050746798,0.7864770536032433,0.0
416,0.9812127915115096,0.9820841876165632,0.955364348700737,0.7826780018985744,0.0
417,0.9812176532506125,0.9820849234974934,1.0011603885054212,0.8595253992609693,0.0
418,0.9812144013957258,0.9820855940856772,0.971074473643867,0.7851403227641582,0.0
419,0.9812158061761229,0.9820862656483806,0.9848101371642164,0.8245560088941251,0.0
420,0.9812125946173548,0.9820868913996917,0.9549520776487342,0.7488522561457235,0.0
421,0.9812236491528145,0.9820875689630729,1.0545228224005496,0.8800418230193499,0.0
422,0.981230400195973,0.9820882038302884,1.1091305461372691,0.9675717249617354,0.0
423,0.9812269159099358,0.9820886566808865,1.0770697856248432,0.8957109673134692,0.0
424,0.9812263945099335,0.9820892185565119,1.071032945564183,0.9032969656775579,0.0
425,0.9812241411977061,0.9820897527307034,1.0503692128166326,0.8775048640683168,0.0
426,0.9812268216131949,0.9820902940322016,1.072132498647185,0.92661753341472,0.0
427,0.9812265024780639,0.9820893254844095,1.0660040553688348,0.9304481261312585,0.0
428,0.9812244242027537,0.9820898570137251,1.0471020789039591,0.9060084595179766,0.0
429,0.9812245772201693,0.982090381916573,1.0477848736682842,0.9212500622511377,0.0
430,0.9812317769497854,0.9820861041478914,1.103436372368162,1.0049990046683352,0.0
431,0.9812329054428951,0.9820845553016673,1.1083878205126894,1.0228249554680793,0.0
432,0.981243467875359,0.9820788488722445,1.185040176327347,1.1244656776972815,0.0
433,0.9812395678250575,0.9820795962378005,1.1508326589413767,1.038959793372009,0.0
434,0.9812371814388386,0.982080452655827,1.1295321481410254,1.0068180396144042,0.0
435,0.9812406952572722,0.98208131040469,1.1552994867055013,1.0563719408625665,0.0
436,0.9812366207476473,0.9820821012564296,1.1202514413881388,0.9581442248182874,0.0
437,0.9812414804989673,0.9820829108908101,1.1570690602262508,1.025191356893588,0.0
438,0.9812440095328135,0.9820806961455507,1.1716488738623445,1.0606823670257184,0.0
439,0.9812498758037678,0.9820770332429017,1.2101595443113016,1.124952374258662,0.0
440,0.9812454902135922,0.9820779581603066,1.1733721013121265,1.0180119067224578,0.0
441,0.9812416923665442,0.9820788629670022,1.1415096753832243,0.9546172609441427,0.0
442,0.9812375815639481,0.982079731275676,1.1067636673866195,0.8624250096591377,0.0
443,0.98124837825349,0.9820740091933954,1.1865451010144086,0.9829267186972116,0.0
444,0.981244065424312,0.9820750256123197,1.1506052594280025,0.8935460507787694,0.0
445,0.9812458056919313,0.9820733841080693,1.1604125800364373,0.9346383957513777,0.0
446,0.981242982957631,0.9820744463641278,1.1369571645017251,0.9081418110592439,0.0
447,0.9812392299450443,0.9820754679533575,1.1059724023317994,0.8539874545630044,0.0
448,0.9812383142735445,0.9820750667100304,1.096716416491156,0.8625766877394395,0.0
449,0.9812352741895247,0.9820756372893877,1.0707302353221926,0.827705710699165,0.0
450,0.9812353210291764,0.9820748637732863,1.0700427279881277,0.8508564918181437,0.0
451,0.9812314451969599,0.9820758592890025,1.0375585156949736,0.7720387523636465,0.0
452,0.9812306609000653,0.9820768469813236,1.0327990241215552,0.7903491091774058,0.0
453,0.981230348667569,0.9820762640230705,1.0300353125394823,0.8098868028932196,0.0
454,0.9812274240052894,0.9820772270507159,1.0062594862966268,0.779302774155682,0.0
455,0.9812248227032289,0.9820776989065628,0.984212910424749,0.7543982585773579,0.0
456,0.981223524604075,0.9820776159388799,0.9737932991925609,0.7582457159458565,0.0
457,0.9812200899996485,0.9820785058703847,0.9444915648412708,0.6931241803467266,0.0
458,0.9812204913073339,0.9820777138838209,0.9501810654083933,0.7273359945539913,0.0
459,0.9812182200571261,0.9820781299410651,0.9311632868813485,0.7099673256333104,0.0
460,0.9812199399659204,0.9820767934073056,0.9492817545695914,0.7587583823288643,0.0
461,0.9812294385836678,0.9820778007186318,1.0385934668868269,0.8793550573876168,0.0
462,0.9812257458663002,0.9820787084509721,1.0069907731346193,0.794945906846028,0.0
463,0.9812239319147233,0.9820788068728546,0.9912444397522194,0.7854238669606838,0.0
464,0.9812205594925769,0.9820796817424926,0.9624753768856528,0.7282794713380376,0.0
465,0.9812172325832557,0.9820805007933942,0.9335600545703255,0.6666843291733169,0.0
466,0.9812141579060627,0.982081231721662,0.9067369887652431,0.6221128562093075,0.0
467,0.9812122004632048,0.9820820313194872,0.8918933192450154,0.6213182405927192,0.0
468,0.9812109607341456,0.982082807611848,0.8844062116391563,0.6349371875381778,0.0
469,0.9812089327200938,0.9820830931443754,0.8672541579097409,0.6244935835454127,0.0
470,0.9812071511315182,0.9820832909549727,0.8525819530828563,0.6196260492553395,0.0
471,0.9812045248187033,0.9820838853699527,0.8293500067435842,0.5851686140449699,0.0
472,0.981219979422626,0.9820764662997807,0.9820807556326039,0.7568438691140315,0.0
473,0.9812246010898968,0.9820738686115841,1.0219402581593773,0.8326785884224835,0.0
474,0.9812272494118556,0.9820749390261122,1.0458493646563847,0.8860981563246877,0.0
475,0.9812326147559922,0.9820759882011099,1.0911131777440561,0.9619851120423474,0.0
476,0.9812290536093126,0.9820768479679943,1.0596307968286898,0.8906902047937505,0.0
477,0.9812264309382807,0.9820777928592742,1.0370117916163832,0.8592768806199521,0.0
478,0.9812231329182103,0.9820787023384377,1.0083067232328355,0.8044742080123105,0.0
479,0.9812514610656644,0.9820797433121445,1.2346869737670294,1.0319148680566033,0.0
480,0.9812511185923651,0.9820806074443788,1.228084560092427,1.0406808723944008,0.0
481,0.9812467439486039,0.982081389112869,1.1910843631522412,0.9494045443030373,0.0
482,0.9812456697784707,0.9820807449420862,1.1782803123851322,0.9500181339327762,0.0
483,0.9812503767759595,0.9820775698599268,1.2082566000950652,1.0156609525652558,0.0
484,0.9812460713941216,0.9820784858724341,1.1725079181140345,0.9344412208954525,0.0
485,0.9812438378321492,0.9820784641140864,1.151786575695006,0.9166321733343376,0.0
486,0.9812466912664317,0.9820762169332801,1.1697794295772237,0.9671943269606712,0.0
487,0.9812438994648816,0.9820765093314895,1.1451481426909604,0.9351321826888568,0.0
488,0.9812438115541722,0.9820756333730842,1.1414320731578291,0.9497737647814106,0.0
489,0.9812490728261457,0.9820766618378507,1.1813051937510037,1.023510551810526,0.0
490,0.981247226448327,0.9820776204865133,1.165500048390451,1.0093234723244184,0.0
491,0.9812429167399872,0.9820785331223281,1.1299959092009266,0.9091883892236383,0.0
492,0.9812460069779023,0.9820794536717301,1.1539893365089104,0.966263964190277,0.0
493,0.9812417490780534,0.9820803063889376,1.118994663415065,0.8773743985360112,0.0
494,0.981240255298923,0.9820799619618638,1.1052279139950143,0.8757653788152365,0.0
495,0.9812438729639825,0.9820808371406969,1.1346503578842504,0.9405012486606786,0.0
496,0.9812405972052484,0.9820816484209042,1.107976078568079,0.9003421281630766,0.0
497,0.9812402998412354,0.9820807453639671,1.1038600936342673,0.9140325307794146,0.0
498,0.9812363765911162,0.9820814889001545,1.0712471277355355,0.841663145509834,0.0
499,0.9812351559354479,0.9820810667075237,1.0605275214252439,0.8450586562973265,0.0
500,0.9812379305383822,0.9820789019994361,1.0825726821029853,0.8988327637640274,0.0
501,0.9812367393606047,0.9820797873892242,1.0738314980883248,0.9015672421407889,0.0
502,0.9812449331046049,0.9820806912523624,1.1413498830436148,1.002352181973723,0.0
503,0.9812475186225776,0.9820784720049217,1.1583946899500854,1.041973721158265,0.0
504,0.9812442031173157,0.9820793625285439,1.1315394928723783,0.9940732727114956,0.0
505,0.9812415162559038,0.9820795419344995,1.1085841743680511,0.9597302023525288,0.0
506,0.9812382706095492,0.9820800053218494,1.081415187488233,0.9124697204937455,0.0
507,0.9812355368535396,0.9820802758506676,1.0584645071776875,0.8804621408682579,0.0
508,0.9812342752557607,0.9820799252433055,1.0478144345174512,0.8788150037494138,0.0
509,0.9812304164984541,0.9820807622053812,1.0159633087542301,0.7957856661689552,0.0
510,0.9812291386317208,0.9820804817496384,1.0058226701603834,0.7993021111931634,0.0
511,0.9812256710139177,0.982081301258697,0.9774289247084433,0.746417582651831,0.0
512,0.9812221243423818,0.9820820851338619,0.9477323972217911,0.6767996353315616,0.0
513,0.9812189099263602,0.9820827497778464,0.9207229035302714,0.6330144764850464,0.0
514,0.9812184939879267,0.9820821978361024,0.9199386573134113,0.6604693950407016,0.0
515,0.981216383827775,0.9820824237629128,0.9030336733989268,0.6520995885934647,0.0
516,0.9812149880437685,0.9820831869261932,0.8948623249517718,0.6624287523166938,0.0
517,0.9812125871344708,0.9820839192571732,0.8762345276879108,0.6462775958474626,0.0
518,0.9812128478218451,0.9820831253510861,0.8826418220658355,0.6794053607425715,0.0
519,0.9812097531509656,0.9820838557957209,0.856098829172327,0.621398055211237,0.0
520,0.9812085679186082,0.9820845711468907,0.8501798924590909,0.6343969620272923,0.0
521,0.9812152733200963,0.9820809539436596,0.9201371300667102,0.7378977939367003,0.0
522,0.9812130076713191,0.9820817614135012,0.9019798311268092,0.7184440337810237,0.0
523,0.981211460319375,0.9820818364827666,0.8894367732273868,0.712862006297506,0.0
524,0.9812094268539644,0.982082615061039,0.8735942293714023,0.6986356725270714,0.0
525,0.9812085038552695,0.9820824395093295,0.867370011781773,0.705098020928616,0.0
526,0.981216826690226,0.9820781756681833,0.9500772899801176,0.8150764289022062,0.0
527,0.981222770993022,0.9820749820691481,1.0037039945852795,0.8963230298003019,0.0
528,0.9812193121019405,0.9820759837182398,0.9731984052326563,0.8114992214864098,0.0
529,0.9812161681356358,0.9820769529920741,0.9456931714169086,0.7563215495099171,0.0
530,0.9812158271429108,0.9820766032280936,0.9432617629815754,0.7711210570693663,0.0
531,0.9812139125057857,0.9820775575467081,0.927807204109433,0.7578681972401671,0.0
532,0.9812203418727994,0.9820742140437725,0.9873274890110455,0.8482333837430464,0.0
533,0.9812169887163785,0.9820752303508136,0.9573863528956328,0.7700180252334733,0.0
534,0.9812188605509621,0.9820739419284783,0.9744675085159994,0.8141178426863717,0.0
535,0.9812170602071403,0.9820742995114559,0.9581780253847699,0.7978896691979505,0.0
536,0.9812137997212084,0.9820753239001073,0.9290606108715378,0.7228405694097969,0.0
537,0.9812132724962012,0.9820751477756741,0.9250854398930786,0.7365978489972125,0.0
538,0.9812106923467209,0.9820758982788926,0.9018364956198625,0.7013936185204738,0.0
539,0.9812109638641671,0.9820768863880152,0.908442642115946,0.7318835375898705,0.0
540,0.9812091159944274,0.9820772890519527,0.8920315048926465,0.7163843707831983,0.0
541,0.9812083966700859,0.982078225458578,0.8887518617408636,0.7283151449113926,0.0
542,0.9812099108213393,0.9820771289595335,0.9050200738605771,0.7684543158860152,0.0
543,0.9812077839128478,0.9820780636181579,0.8869944769057796,0.744589302088942,0.0
544,0.9812117199450806,0.9820789978798286,0.9296455535426432,0.8142872339458379,0.0
545,0.9812296965160773,0.982070509952245,1.0857845071693002,0.9800229605639831,0.0
546,0.9812282511813885,0.9820706566115043,1.070651595590194,0.9617101900546324,0.0
547,0.9812256583616309,0.9820718077856664,1.0476153316888595,0.9232463837672232,0.0
548,0.9812222626992714,0.9820728408203451,1.0169177232823639,0.8512262839948002,0.0
549,0.981219240870151,0.9820739159557909,0.9901208573348369,0.803218242932451,0.0
550,0.9812172172618295,0.9820743677764088,0.9712913258894227,0.783294937310788,0.0
551,0.9812139642344221,0.9820753899563462,0.9419407077097937,0.7136244223269992,0.0
552,0.9812109114990949,0.9820763319876107,0.9140411824023776,0.6578297036335072,0.0
553,0.9812123472982579,0.9820773116630722,0.9312174304382141,0.7088249394361373,0.0
554,0.9812094368820014,0.9820782366508545,0.9049970975186601,0.663384529822645,0.0
555,0.9812067844422449,0.9820791316253451,0.8813155480147749,0.6308063430479007,0.0
556,0.9812045071733462,0.9820797150201013,0.8604025962161915,0.6089134053553574,0.0
557,0.9812025498670489,0.9820801719065655,0.8426984393638587,0.5967826872270711,0.0
558,0.9812004817148522,0.9820806931198128,0.8238680812332115,0.580360237286326,0.0
559,0.9811982748078765,0.9820815069425265,0.8045922246181663,0.5617694277955231,0.0
560,0.981196320293992,0.9820819992399743,0.7868673363576223,0.5476909330979971,0.0
561,0.9811940279841325,0.9820827683682486,0.7661910732880586,0.5218993254778387,0.0
562,0.9812059322345875,0.9820835843416382,0.900146179039947,0.6772494727945987,0.0
563,0.9812055245182656,0.9820843120452909,0.8984313273464704,0.6966369958583081,0.0
564,0.981203065179275,0.9820848233142565,0.8747145817760899,0.6595756494892614,0.0
565,0.9812050385411079,0.9820855214512546,0.8976597110294334,0.7137394767567298,0.0
566,0.9812028109113697,0.9820858968834567,0.8760347652925196,0.683173066383212,0.0
567,0.9812144045664631,0.9820801526413255,0.9852044420599663,0.8186682132626762,0.0
568,0.981214811738916,0.9820793910368418,0.9865923199128158,0.837610023028149,0.0
569,0.9812237460672345,0.9820748595866766,1.060638621809913,0.9409282128279197,0.0
570,0.9812207150623895,0.98207565826531,1.0319257399048214,0.8819867399492587,0.0
571,0.9812173246667804,0.9820766373708545,1.0004992968108195,0.795629903873288,0.0
572,0.9812233861076083,0.9820776317653872,1.0533591201784576,0.8837106447134875,0.0
573,0.9812202259515324,0.9820785467756704,1.0244044125062748,0.8280323176185551,0.0
574,0.9812170441788266,0.9820793441515521,0.9946458861544876,0.7671391387375861,0.0
575,0.9812160144476038,0.9820802119118478,0.9855130793649074,0.7733657829821764,0.0
576,0.9812296668118614,0.9820735383416163,1.098321004582826,0.9171427355847473,0.0
577,0.9812261253264002,0.9820745888938827,1.0664245592450128,0.8489899178371292,0.0
578,0.9812244691045264,0.9820756134861514,1.0510374155833122,0.841177445442113,0.0
579,0.9812285579606667,0.9820732115834195,1.081467478563847,0.9049183254758859,0.0
580,0.9812291946042332,0.9820742942663306,1.0853054830050854,0.9288018972489903,0.0
581,0.9812258571985962,0.9820753205959465,1.0555043822872765,0.8697713482735328,0.0
582,0.9812229268382491,0.9820760265077988,1.028392908402188,0.8243230048362596,0.0
583,0.9812207410073961,0.982076999915546,1.0090397559131028,0.8051688909632622,0.0
584,0.9812345736181609,0.9820780227439972,1.125359639644775,0.9517212876473756,0.0
585,0.981230792088912,0.9820789235373347,1.0919857048115018,0.8747357843884875,0.0
586,0.9812272306122358,0.9820797947734853,1.0604638703462315,0.8120842645796724,0.0
587,0.9812243889177908,0.9820802909611764,1.0342965480232018,0.7768119280757296,0.0
588,0.9812234308196044,0.9820799772263273,1.0241666443680977,0.7841151722146359,0.0
589,0.9812221841618849,0.9820808239213659,1.0135826214987158,0.7887372366475969,0.0
590,0.9812213396437376,0.9820804760202682,1.004829098795871,0.795471895573724,0.0
591,0.9812179371120217,0.9820812946656302,0.9743756617949216,0.7230813297382909,0.0
592,0.9812154790291338,0.9820817139785315,0.9519101074510157,0.6985389414409734,0.0
593,0.9812129908073868,0.9820824950218477,0.9303387457886952,0.6765830298715152,0.0
594,0.9812102063214225,0.9820832480807508,0.9056921082967504,0.6422909374130585,0.0
595,0.9812107076746706,0.9820839924163134,0.9141394048420585,0.6818158380975426,0.0
596,0.9812086135161033,0.9820842717965717,0.8950524029474135,0.6646358941732631,0.0
597,0.9812059261333484,0.9820848380851044,0.8702997326338775,0.6251597982852739,0.0
598,0.9812064266012004,0.9820840099339697,0.8771858593394916,0.6605201900349772,0.0
599,0.9812042600763792,0.9820843870893661,0.8573981105487672,0.6388974970390907,0.0
600,0.9812018790094643,0.9820850776244141,0.8364000050797188,0.6127377966396669,0.0
601,0.9812009955358142,0.9820857524128803,0.8318491307510942,0.6271628786402355,0.0
602,0.9812012950179564,0.9820850593086645,0.8375427934490317,0.6566631231939745,0.0
603,0.9812010397464508,0.9820857378273291,0.8395011151772651,0.6779574028851431,0.0
604,0.9812044048862169,0.9820864122799472,0.879057242330871,0.7457254484771239,0.0
605,0.9812021112769836,0.9820870358183487,0.8582731746529829,0.7124963939517815,0.0
606,0.9812110940242896,0.9820876960604951,0.9506716694586542,0.82892633581241,0.0
607,0.9812101693380041,0.9820873262220019,0.9409968167871703,0.8234126221415263,0.0
608,0.9812125629965363,0.982085508329952,0.9619232965678116,0.8655368302585155,0.0
609,0.9812204230439373,0.9820812851605316,1.0293732977898828,0.9568551721230918,0.0
610,0.9812244561248733,0.9820821148477024,1.0631659033034302,1.010774086059701,0.0
611,0.9812223087523342,0.9820828858859695,1.0431654223578921,0.9751332430891367,0.0
612,0.981218881564251,0.9820836158081366,1.01147804318104,0.8831783858712685,0.0
613,0.9812157871305178,0.9820843309879491,0.9830592595721325,0.8228574099161237,0.0
614,0.9812170114831299,0.9820830456764627,0.992181794378427,0.853120573654349,0.0
615,0.9812337553740157,0.9820838813665016,1.1332525733737442,1.0123837142505967,0.0
616,0.9812299532808736,0.9820845867231077,1.0991849699604634,0.9240674610230598,0.0
617,0.9812262697912706,0.9820852685107432,1.066036198053783,0.8426001943812432,0.0
618,0.9812243850162111,0.9820859361529946,1.0487380114066738,0.8309168373329882,0.0
619,0.9812215935227396,0.9820865765632704,1.0235929486060498,0.7959260767733607,0.0
620,0.9812183158813194,0.9820871926472435,0.9939242508106494,0.7387218715239379,0.0
621,0.9812172308178096,0.9820867992603085,0.9829055311937327,0.7438971299160753,0.0
622,0.9812146583915803,0.9820874107632733,0.9599343888844647,0.7166542526380674,0.0
623,0.981223270854126,0.982088058853085,1.038607992182391,0.833191277021764,0.0
624,0.9812257705354,0.9820886555042035,1.0595251171045303,0.8844141539350854,0.0
625,0.9812306244591813,0.9820892448106453,1.0988778289632584,0.9552914012055167,0.0
626,0.9812278421629638,0.9820893472893522,1.0727352991663524,0.9108838287280835,0.0
627,0.9812276544373851,0.9820883361125192,1.0679299709108332,0.9187559278811332,0.0
628,0.9812240934338073,0.9820888612309953,1.0358548635593334,0.8394590271029848,0.0
629,0.981220590302294,0.9820894004908478,1.004391306418434,0.7610856156215559,0.0
630,0.9812211335699362,0.9820899419221062,1.0100044986880101,0.7943962059064951,0.0
631,0.9812276681082264,0.9820860275706763,1.0633761016206642,0.8842030482873275,0.0
632,0.9812317892741047,0.9820867010055832,1.096947610542002,0.9487377754046562,0.0
633,0.9812281196065805,0.982087264962103,1.0642341877698631,0.8696647877220895,0.0
634,0.9812251451948483,0.9820875575495904,1.0370980613740712,0.8253864159446226,0.0
635,0.9812252069856272,0.9820865367828441,1.0356154506170483,0.8440582118761771,0.0
636,0.9812311677118395,0.9820829278755931,1.082803045862204,0.9251380578751364,0.0
637,0.9812296127267794,0.9820836760648816,1.069004807556435,0.9149413104838142,0.0
638,0.981225923216141,0.9820843881008728,1.036594198962546,0.8307789761542732,0.0
639,0.9812281646841121,0.9820824923014373,1.0535159366118194,0.8766971685129513,0.0
640,0.9812303737760477,0.9820806394111049,1.0695493539450915,0.9185353288680178,0.0
641,0.9812270736725991,0.9820812627346799,1.040223415016958,0.8602602659102289,0.0
642,0.9812327127803938,0.9820821026022252,1.0882457622583834,0.9411363918481452,0.0
643,0.9812291677780847,0.982082749960155,1.0570077430705498,0.8729818877996912,0.0
644,0.9812333449446029,0.9820799984830277,1.088942501249239,0.9359979943315327,0.0
645,0.9812297524673379,0.9820807272892426,1.0574835242111873,0.8669725013069739,0.0
646,0.9812263357650706,0.9820814091716955,1.0274423626020004,0.8075476081510435,0.0
647,0.9812477849844742,0.982071072219297,1.1952787933589508,0.9964815116300964,0.0
648,0.9812434714575836,0.9820721960149105,1.1589420978522709,0.902262847118868,0.0
649,0.9812395011012124,0.9820731962633186,1.1250590315349374,0.835130015427849,0.0
650,0.9812370172895588,0.9820742653921336,1.1040355760193754,0.8212376503664061,0.0
651,0.9812444373903767,0.9820753493044972,1.1622732890295555,0.9240094948243001,0.0
652,0.9812443915593341,0.9820763600973496,1.1601617871814611,0.9442650482966459,0.0
653,0.9812404583846908,0.982077190829289,1.1267452763443981,0.8767274125224644,0.0
654,0.981240678821469,0.9820762083079984,1.1255423572223056,0.899707262144385,0.0
655,0.9812587581108236,0.9820772828780356,1.2602244651832393,1.0670725162549326,0.0
656,0.9812540507754165,0.9820782078864254,1.2219190520911056,0.9662871080308882,0.0
657,0.9812495015172688,0.9820791020102512,1.1846993885293535,0.8710513264190941,0.0
658,0.9812451165006028,0.9820799635802354,1.1486238739903496,0.786358702488185,0.0
659,0.981240987333866,0.9820807998092289,1.1146886785167731,0.727531308316152,0.0
660,0.9812369821681353,0.982081567374765,1.081309111551601,0.6692142186769311,0.0
661,0.9812342166940375,0.9820818198787074,1.0577433133465384,0.6596589974972616,0.0
662,0.9812314420295467,0.9820821108018445,1.0342315717528778,0.6483789918715748,0.0
663,0.9812276876055558,0.9820828708964181,1.002756806993796,0.5868164197060172,0.0
664,0.9812251267924788,0.9820831326480898,0.9812790480016154,0.582477254848792,0.0
665,0.981223398938942,0.9820830549733753,0.9672760735369071,0.5955141076316292,0.0
666,0.981219941515764,0.982083787783479,0.9381712348461503,0.5466057196376559,0.0
667,0.9812168318804873,0.9820843828433687,0.9117325006949167,0.5174428694159758,0.0
668,0.9812210698127551,0.9820851097387474,0.9576536316624896,0.6160978813326472,0.0
669,0.9812418627104749,0.9820750225181407,1.133019375404874,0.8195850740386837,0.0
670,0.9812416467583706,0.98207604286538,1.1305716090579583,0.8467772518270615,0.0
671,0.981242645854184,0.9820770354177298,1.1378331739904308,0.8867080458941183,0.0
672,0.981253350783035,0.9820713656453182,1.214463377493896,1.0053762645455215,0.0
673,0.9812492686340558,0.9820722904746445,1.1804541942767806,0.9391073974990043,0.0
674,0.9812454017264189,0.9820731518763458,1.1481036005145209,0.882340744348683,0.0
675,0.981248057288368,0.9820711454242111,1.1652976937716766,0.9348578393855969,0.0
676,0.9812458691921111,0.9820713173168438,1.1457501997262332,0.9191537242061247,0.0
677,0.9812459324932752,0.9820705166934781,1.1436702459512835,0.9382959363320952,0.0
678,0.981251872435957,0.982071719490633,1.1890037157215172,1.019693387041248,0.0
679,0.9812502553980774,0.9820728444766662,1.1753449234857745,1.0112918876518693,0.0
680,0.9812511697049623,0.9820739446887926,1.1813385160022043,1.0373182083860981,0.0
681,0.9812483996217538,0.9820749894956878,1.158911421165612,1.0057535939518119,0.0
682,0.9812485177565285,0.9820740030693506,1.157141570987292,1.0180834116783537,0.0
683,0.9812451618323615,0.9820745917902973,1.129223321125106,0.9687270971384957,0.0
684,0.981241674520572,0.9820756102859249,1.1013654425780148,0.9207918435474379,0.0
685,0.9812427812019918,0.9820742677939467,1.1089820876347753,0.9509254400818886,0.0
686,0.9812402615949765,0.9820753016249195,1.089290044083207,0.9271327390909385,0.0
687,0.981236419034858,0.982076191193758,1.05774524813419,0.8584520049976582,0.0
688,0.9812330078418999,0.9820769186412623,1.029623692238946,0.810088885252852,0.0
689,0.9812308184254879,0.9820778641067908,1.013333753185913,0.800175993547916,0.0
690,0.9812276924233556,0.982078772876706,0.9884719373968339,0.7645847253417284,0.0
691,0.9812245482710136,0.9820794304814022,0.96242919694477,0.7242228693894636,0.0
692,0.9812254441839889,0.9820803065895725,0.9753648020930246,0.767733562786942,0.0
693,0.9812259943364987,0.9820793057367497,0.9820275874073645,0.7990665392682376,0.0
694,0.9812236325401225,0.9820801695375595,0.9639907114684712,0.7807534460358402,0.0
695,0.9812212619765198,0.982081004093588,0.9458475312765058,0.7619882272290945,0.0
696,0.9812182178739518,0.9820816423077595,0.920162506931285,0.7167440484375841,0.0
697,0.981215235736665,0.9820824236940278,0.89570020749364,0.6776829458180375,0.0
698,0.9812175087729759,0.9820807444406244,0.9209013198290239,0.735026008874764,0.0
699,0.9812170143896384,0.9820815683795429,0.9210891609092636,0.7539261099079777,0.0
700,0.9812138930714741,0.9820822878843434,0.8941768593558717,0.6970237125614789,0.0
701,0.9812117343163429,0.9820826035326876,0.8763409620860544,0.6795936433572349,0.0
702,0.9812122623634885,0.9820833697517461,0.8876487448724136,0.7165352016052005,0.0
703,0.9812109398004354,0.9820833028372028,0.8777306413026724,0.7153160504989563,0.0
704,0.9812148028915596,0.9820809541378172,0.9182658696488462,0.7846305750854167,0.0
705,0.9812200419778021,0.982078012595345,0.9685066535404789,0.8618304349292654,0.0
706,0.9812178471890393,0.9820789192736444,0.9506627758268666,0.8362483865709028,0.0
707,0.9812202850904308,0.9820772431562845,0.9736036617362919,0.8806664831634409,0.0
708,0.9812271466755711,0.9820782220052385,1.0372020063638074,0.9680792530455333,0.0
709,0.9812385122196896,0.9820724587032302,1.1275222948791148,1.0794642685293523,0.0
710,0.9812440636217337,0.9820735934797142,1.169489626500897,1.141163478505421,0.0
711,0.9812399874025186,0.98207464201969,1.135039792074045,1.0481488773751408,0.0
712,0.9812359720264369,0.9820756347921233,1.10071686431001,0.9530053008246661,0.0
713,0.9812331289006103,0.9820761350805737,1.0754994965707771,0.9121966794230943,0.0
714,0.9812297989946213,0.9820771008211323,1.0473088347585728,0.860890622915992,0.0
715,0.9812261034703729,0.9820780270306888,1.0154454342263568,0.7785650308668777,0.0
716,0.9812265218820081,0.9820789477226862,1.0209300498414948,0.8110387159818421,0.0
717,0.9812229607517525,0.9820798173948756,0.9902237898638505,0.7413576092498618,0.0
718,0.9812195513087276,0.9820806582355264,0.9607632392746405,0.6822520244710634,0.0
719,0.9812166970356545,0.9820812499847097,0.9357429520318458,0.6503880432453427,0.0
720,0.9812134656357198,0.9820820340995853,0.9073436769958204,0.5910438012929152,0.0
721,0.981210611555669,0.9820828022424017,0.8829273532002635,0.5627195980528296,0.0
722,0.9812177187706382,0.9820790338574639,0.9530307572381777,0.6774644775132092,0.0
723,0.981220774385921,0.9820770814245652,0.9812378930362186,0.7445365719724596,0.0
724,0.981219165759647,0.982078022264644,0.9686096351854819,0.7444093241774852,0.0
725,0.9812159081018318,0.9820789230135675,0.9400340673233617,0.6870549355725308,0.0
726,0.9812128239792289,0.9820797312151438,0.9125103818303221,0.6367477756505456,0.0
727,0.981209707926476,0.9820805746257966,0.8847231621951177,0.5749163913920303,0.0
728,0.981207068029802,0.9820813918207735,0.8619859348128509,0.5521829227889945,0.0
729,0.9812052101623862,0.9820817090460344,0.8461199663496503,0.5509405985410312,0.0
730,0.9812045144134585,0.9820815278358604,0.842205053620088,0.5736770112271593,0.0
731,0.981201794104681,0.9820823119361671,0.8179560581347136,0.5358938356142116,0.0
732,0.9812024355959388,0.9820815691186542,0.8284574725208359,0.5801417298142937,0.0
733,0.9812001966440618,0.9820823539406242,0.8094204689171027,0.5629528324043116,0.0
734,0.9812075772091233,0.9820786399634386,0.8886952579692515,0.6769159095876646,0.0
735,0.9812081121896354,0.9820795375265845,0.8977428280945282,0.7121398823614625,0.0
736,0.981205860268904,0.9820803909789639,0.8780584018699671,0.6881856423666206,0.0
737,0.9812031779718233,0.9820812133892342,0.8536160947170245,0.6449700515613461,0.0
738,0.9812035543198832,0.9820820236164843,0.8619058563010322,0.678742144799763,0.0
739,0.9812099716039531,0.9820828379305379,0.9299124207837696,0.7774153747660444,0.0
740,0.9812103225892308,0.9820835951168876,0.9351949964774983,0.8011108437912531,0.0
741,0.9812190322391585,0.9820790928163975,1.0126417810288137,0.9050871825452923,0.0
742,0.9812214214180505,0.9820774142575932,1.030609434709448,0.9425361609643332,0.0
743,0.9812194115346355,0.9820777097266151,1.0108661403961552,0.9107644026374677,0.0
744,0.9812160666555552,0.9820786204867182,0.980091922803938,0.8222970673948043,0.0
745,0.9812136840514634,0.9820795052396208,0.9586571953546128,0.7918332627022363,0.0
746,0.9812124186584912,0.9820795196894333,0.9463003994782491,0.7852243177473592,0.0
747,0.9812094128894072,0.9820803706386553,0.9186121536036447,0.7253785624203312,0.0
748,0.9812084487743034,0.982080288351025,0.90964476247207,0.7283789994136303,0.0
749,0.9812068324145792,0.9820805136312624,0.8945633681645266,0.716692879771462,0.0
750,0.9812108208993677,0.9820782655949291,0.9332474103716148,0.785689701479138,0.0
751,0.9812107855840032,0.9820778188781527,0.9326495927361328,0.7994440559423146,0.0
752,0.9812141148009289,0.9820758924713333,0.9629476743025204,0.8546681109097165,0.0
753,0.9812143110045797,0.9820753710260283,0.9637280977488145,0.8667886251164781,0.0
754,0.9812147819548517,0.9820763783708341,0.9693581369858384,0.8854739422656143,0.0
755,0.9812147785722656,0.9820759191279891,0.9681721855554082,0.8918664369222471,0.0
756,0.9812347947454417,0.9820770086517099,1.1388072963178635,1.0659179997137613,0.0
757,0.9812316805207376,0.9820779466916815,1.110707381688699,1.0086579898304742,0.0
758,0.9812280028977678,0.9820788500358123,1.0778221087131457,0.9262758032169142,0.0
759,0.9812269695936874,0.9820785618844987,1.0659292438416623,0.9194840009133441,0.0
760,0.9812249404109656,0.9820794523484506,1.0475967159819262,0.8975665887629088,0.0
761,0.9812226015492602,0.9820797717775778,1.0254232691897012,0.8653737125103953,0.0
762,0.9812191819802241,0.9820806140224002,0.9946338481210762,0.7910373227238919,0.0
763,0.9812377793626222,0.9820815406310359,1.1502959066707266,0.9679420442783822,0.0
764,0.981233840240665,0.9820823037960102,1.1155014490305826,0.880753829823009,0.0
765,0.9812343355006355,0.9820830837784786,1.1175565419846434,0.9076057794692757,0.0
766,0.9812322397803346,0.9820830289359278,1.0971162619120558,0.8871628440349368,0.0
767,0.981228458416267,0.9820837580855679,1.0637282069639806,0.8019454086811394,0.0
768,0.9812352253735749,0.9820845208561078,1.1188256029709835,0.8988309313765764,0.0
769,0.981232744966828,0.9820845753866726,1.0955591027254736,0.8716445440176955,0.0
770,0.981239864354987,0.9820853135030099,1.1512310581433578,0.9657249454156188,0.0
771,0.9812374215057974,0.9820859792078759,1.1295431556201387,0.9399276444196044,0.0
772,0.9812345961666499,0.9820861045540464,1.1037652868354288,0.9021815575670707,0.0
773,0.9812320030675075,0.9820867421933562,1.0812938142903443,0.8752041757159157,0.0
774,0.9812313111622596,0.9820873678843883,1.0750796544919512,0.8849392031069971,0.0
775,0.9812287884681715,0.9820879632100068,1.0533979995420222,0.8586262790180171,0.0
776,0.9812336872654264,0.9820847232860327,1.091331684214332,0.9297861231052611,0.0
777,0.9812317334531313,0.9820845607628195,1.0729716970264773,0.9095212283772219,0.0
778,0.9812282001971525,0.9820851361500827,1.0420499485914303,0.8433209690946503,0.0
779,0.981224578871164,0.982085786326821,1.010469410600783,0.7664322150951899,0.0
780,0.9812222855808854,0.9820864343194614,0.9914129084972506,0.7518562033407388,0.0
781,0.9812189266926052,0.9820870548495607,0.9621955313608768,0.6944406830999903,0.0
782,0.981221821689083,0.982084887918664,0.9885644640168506,0.7585310506610013,0.0
783,0.9812188371512701,0.9820855618044878,0.9629626897759231,0.7206977306954976,0.0
784,0.9812167025800644,0.9820862170673892,0.9455306502314349,0.7096865321543302,0.0
785,0.9812144467250729,0.9820868494965243,0.9269241817058962,0.6946969237320012,0.0
786,0.9812151062445514,0.9820874754164253,0.9368683743819615,0.7333053039142633,0.0
787,0.9812141688352662,0.9820880724039134,0.9310126634224275,0.7433669889777273,0.0
788,0.9812116655731017,0.9820886412997675,0.9096308511673078,0.7149482980027984,0.0
789,0.9812086164613071,0.9820891758747771,0.8820872870048116,0.6504700393483833,0.0
790,0.9812152236245699,0.9820854481787835,0.9470590141811424,0.7515191287651442,0.0
791,0.9812125981793425,0.9820861040642572,0.9242185015535509,0.7193290378018884,0.0
792,0.9812096115682394,0.9820867357787638,0.8975060438910744,0.6681649027380108,0.0
793,0.9812068247588036,0.9820873469388562,0.8727034873200005,0.628506296183747,0.0
794,0.9812096135102243,0.9820854044734447,0.9020642492224221,0.6933305241474033,0.0
795,0.9812107140477072,0.9820842338114122,0.9137930344204142,0.7321031257734892,0.0
796,0.9812113066273633,0.9820849458653346,0.922748342246653,0.7642080985294307,0.0
797,0.9812082547540282,0.9820856103757023,0.8946901751688161,0.6917428040621532,0.0
798,0.9812067903476466,0.9820862655713751,0.8833509330963277,0.6907185933932003,0.0
799,0.981203884393027,0.9820868912857013,0.8564685952021963,0.6244785716669262,0.0
800,0.9812010795718276,0.9820874961543349,0.8304090997597675,0.5650063284498079,0.0
801,0.9812012447861476,0.9820880956072029,0.8372736151458531,0.602334076202427,0.0
802,0.981199501387155,0.982088228613773,0.8215495176272082,0.5937051414039217,0.0
803,0.9811968689971023,0.9820887890299705,0.7968697167945792,0.5439467049576279,0.0
804,0.9811950923741243,0.9820889813509325,0.780847726105709,0.5357795633323693,0.0
805,0.9811932894489833,0.9820892064269153,0.764504414233014,0.525651229742364,0.0
806,0.9811912170302993,0.9820895717451378,0.7450733007796377,0.5040033191149915,0.0
807,0.9811889930472825,0.9820900880298111,0.7244216830497261,0.4758163643668637,0.0
808,0.9811875449565366,0.9820902127509402,0.7120755458130287,0.4761095900965251,0.0
809,0.9811905061873742,0.9820907336352664,0.7558067840282678,0.5540742436442246,0.0
810,0.981190996921616,0.9820899516723647,0.7648454710640779,0.5881275495017526,0.0
811,0.9811887828796737,0.9820903906639158,0.7429566202775849,0.5480019589677133,0.0
812,0.981187215517231,0.9820905615860867,0.7283318415764133,0.5371748688983595,0.0
813,0.9811919191650196,0.9820910797350396,0.7901037495388644,0.6281551704438968,0.0
814,0.9811896376107684,0.9820915456101271,0.7675455203070506,0.5849951310506646,0.0
815,0.9811908148359582,0.9820920133048646,0.7859139567514309,0.6296800718924617,0.0
816,0.9811961450541137,0.9820890335044665,0.8444018473972885,0.7152681020069127,0.0
817,0.9811938187182222,0.982089568074462,0.8212871372210373,0.6704463183931473,0.0
818,0.9811939405045114,0.9820900969809696,0.825547324633869,0.6923647661161763,0.0
819,0.9811914948010091,0.9820905951172246,0.8006515605374133,0.6313566884321011,0.0
820,0.9811928427794007,0.9820910956862832,0.8189598597529061,0.6747690570954261,0.0
821,0.9811913960196691,0.9820911267347577,0.804057695199632,0.6590209963959208,0.0
822,0.981195594035814,0.98209162420584,0.8525807076204684,0.7340536407748868,0.0
823,0.9812107354499151,0.9820921620404655,1.0001880754103343,0.8905380890593232,0.0
824,0.9812081856700794,0.9820923714251404,0.9737826884258942,0.8377681361973568,0.0
825,0.9812059617924859,0.9820924683215078,0.9504030253612155,0.7985415747176983,0.0
826,0.9812100758543625,0.9820929232660192,0.9878307255185008,0.8640258649576985,0.0
827,0.9812153305864093,0.9820933696445354,1.0329394268570655,0.9355804930349999,0.0
828,0.9812131223564433,0.9820933158761517,1.009628141675012,0.8943084464468267,0.0
829,0.9812106492564476,0.9820934158104462,0.9842669673772856,0.8468962835117299,0.0
830,0.9812079148994478,0.9820936668692593,0.9567751717270437,0.7903851160466075,0.0
831,0.981211276804145,0.9820912423471332,0.9843507688200049,0.8457916555453746,0.0
832,0.981211196410702,0.9820903763041069,0.9805329845745604,0.8530776846392569,0.0
833,0.9812116876773727,0.9820892863052637,0.9819654569156592,0.8681839928505382,0.0
834,0.9812107102363491,0.9820888777617349,0.9704491615328616,0.8581453500758973,0.0
835,0.981207677259261,0.9820894121020495,0.9409237286291733,0.7757993038069857,0.0
836,0.981204898210939,0.9820899337934935,0.9140615995477601,0.7216408466799392,0.0
837,0.9812100276544206,0.982090478200783,0.9641686564054771,0.804526811293353,0.0
838,0.9812105194861248,0.9820894026154362,0.9662538866957414,0.8239095342378969,0.0
839,0.9812106512643471,0.982089940066174,0.9673475146967148,0.8399508206617656,0.0
840,0.9812077942114416,0.9820903614967844,0.9393417987429784,0.77735462301814,0.0
841,0.9812048686892129,0.982090843683185,0.9108062546382228,0.7045655316815693,0.0
842,0.9812034920767115,0.9820913243734773,0.8983968122713373,0.7015909277300728,0.0
843,0.9812051224680466,0.9820898156260551,0.9134112472612752,0.7437040371132955,0.0
844,0.9812027239580962,0.9820903253692496,0.8905252006903497,0.707574608020371,0.0
845,0.9812000334217913,0.9820908162059359,0.8643583778374873,0.6534623680396395,0.0
846,0.9811981249488715,0.9820912942201004,0.8466634371832615,0.6373612576364905,0.0
847,0.9811957687806433,0.9820917536726246,0.8239209595515612,0.6025419962636233,0.0
848,0.981213409325956,0.9820923000576025,0.9999124608463739,0.7878178106283503,0.0
849,0.9812117350177796,0.982092074257455,0.9819562978286112,0.7728100279906469,0.0
850,0.9812096819331302,0.9820920502461938,0.9608857094201306,0.748628720691764,0.0
851,0.9812080728824578,0.982091861367584,0.9440346988930725,0.7360799012650641,0.0
852,0.9812062405009706,0.9820918029334319,0.9253338379989788,0.7180196230545831,0.0
853,0.9812048138654881,0.9820915943937824,0.9106282941159518,0.7099563734797766,0.0
854,0.9812066289557506,0.9820920664464455,0.9296853636132382,0.7578623892425541,0.0
855,0.9812104030795268,0.9820925331535736,0.9661914519965035,0.8241265751172842,0.0
856,0.9812085499881801,0.9820924255287566,0.9471322222932609,0.7987885469805034,0.0
857,0.9812080405012169,0.9820917529059725,0.9406406474953445,0.8021452495928759,0.0
858,0.9812057874324055,0.9820921993736748,0.9192662811533008,0.7690722802722287,0.0
859,0.9812040218632766,0.9820921353014754,0.9014679602534916,0.7473873566731031,0.0
860,0.9812024939379212,0.9820925720330697,0.8876496918928171,0.7359418027813439,0.0
861,0.9811998525711003,0.9820929882314022,0.8620425291885855,0.6826399245883396,0.0
862,0.9812051798962568,0.9820898375981661,0.9145376406310386,0.7659503436292288,0.0
863,0.981210268410923,0.9820903850504343,0.9643042524285286,0.8441058293993121,0.0
864,0.9812179685089293,0.9820909285810406,1.0332474663796751,0.9392830137689331,0.0
865,0.9812160266131419,0.9820907969595947,1.0129535556600564,0.9066335814404783,0.0
866,0.9812133593556899,0.9820910222547075,0.9866758138028405,0.854740379290029,0.0
867,0.981210467499984,0.9820914907370082,0.9591770186716037,0.7978528804335167,0.0
868,0.981207772444318,0.9820919441049737,0.9335582470424577,0.7515132713888676,0.0
869,0.9812062232274744,0.9820923877662942,0.9193802119514747,0.7422163715172639,0.0
870,0.9812168070342345,0.9820928786589681,1.018331828502317,0.8690151882421726,0.0
871,0.9812136821540886,0.9820932261502197,0.9882602640213205,0.7998083921673603,0.0
872,0.9812128013801852,0.9820926125660195,0.977903654720209,0.7996572774044697,0.0
873,0.9812163202274905,0.9820900779301163,1.0065133463628133,0.8576234724654754,0.0
874,0.9812149894817201,0.9820897284591481,0.9921393515124023,0.8449541292131199,0.0
875,0.9812118071770056,0.9820902347064221,0.9619490147768696,0.7637714135791875,0.0
876,0.9812194378365429,0.9820907831640896,1.0310438536450282,0.8668500585730476,0.0
877,0.9812170676079252,0.9820908241019238,1.0076426101868825,0.83192618261936,0.0
878,0.9812139471815413,0.982091298675199,0.9784824346457648,0.7711123595213139,0.0
879,0.9812107962097631,0.9820917548147999,0.9486824469265835,0.6956434131764577,0.0
880,0.9812123983343265,0.9820922214974981,0.9647461823416627,0.7449183992036204,0.0
881,0.9812306632279841,0.9820927584729536,1.1216123811986638,0.9231198018706206,0.0
882,0.9812279515872195,0.9820927118795424,1.095190747259291,0.8838946989755907,0.0
883,0.981225185499157,0.9820927329631934,1.0685734717757946,0.8444491733298539,0.0
884,0.981225212001743,0.9820931615382075,1.0671244655334708,0.8644203437037757,0.0
885,0.9812231597917818,0.9820935651702544,1.0480114062648256,0.8461674582960294,0.0
886,0.9812310338767648,0.9820940059481238,1.112226555166318,0.9462214450400298,0.0
887,0.9812283704800697,0.9820943793504954,1.08778828958267,0.9099921190686232,0.0
888,0.9812251984502319,0.9820945189302027,1.058315552926502,0.8549221162404669,0.0
889,0.9812227639178996,0.982094875375605,1.0362250183880766,0.8284953876856511,0.0
890,0.9812233383397884,0.9820952349552795,1.0407160848114192,0.8565162069753769,0.0
891,0.9812220408991096,0.9820955730495047,1.028832363222425,0.8529128043975757,0.0
892,0.9812194157487655,0.9820958928350668,1.0051994261215833,0.8183489270685479,0.0
893,0.9812198014061484,0.9820962169508983,1.008993571190252,0.8431815033206086,0.0
894,0.9812209399185389,0.982096534202205,1.01932285158884,0.875792912033115,0.0
895,0.9812238563043221,0.9820968502145246,1.044652927921654,0.9264295199335563,0.0
896,0.981221705470189,0.9820971302082394,1.0252176483663171,0.8986575566991649,0.0
897,0.9812183975748224,0.9820973417204629,0.9948279550236729,0.8255036090609339,0.0
898,0.9812151436067303,0.9820975987084801,0.9651907556737161,0.7576246167981728,0.0
899,0.9812167396140702,0.9820978714429888,0.9813447082058491,0.8025130517691913,0.0
900,0.9812158570967162,0.9820970566312894,0.9722644823174853,0.8039553136909958,0.0
901,0.981213052066711,0.9820973249651231,0.9469612086469223,0.7604271132091863,0.0
902,0.9812105038816085,0.9820973258142094,0.923154550505008,0.7237182831210037,0.0
903,0.9812074688497289,0.9820975830493254,0.8950592385768389,0.6542209371023852,0.0
904,0.9812099297409298,0.9820978593755615,0.9225668149398665,0.7166440296528764,0.0
905,0.9812070155183933,0.9820980993497344,0.8956857080329443,0.6640895334895791,0.0
906,0.9812041040636524,0.9820983308256264,0.8684740039288957,0.6023242349562361,0.0
907,0.9812077418766474,0.982095687219047,0.9055080304557869,0.6780774255586044,0.0
908,0.9812066011103275,0.9820960082669031,0.8967506725479628,0.684895039605466,0.0
909,0.9812050364261036,0.9820963162398746,0.883691717896299,0.680953953759027,0.0
910,0.9812178112169087,0.9820966872907675,1.0073910109863025,0.8291840307136703,0.0
911,0.981214883156979,0.9820968047573213,0.9796071133825495,0.7770434511376033,0.0
912,0.9812118322821549,0.9820970800487211,0.9512801389502581,0.7212541387902368,0.0
913,0.9812089317854797,0.9820973463956567,0.924321049147761,0.6740670932822886,0.0
914,0.9812142038537823,0.9820976452997119,0.9759143245049502,0.7644057119304072,0.0
915,0.9812110837634812,0.982097872190462,0.9464719314153435,0.6974946939760617,0.0
916,0.9812082587528168,0.9820981124002941,0.9201802816026095,0.6556473771554894,0.0
917,0.981206481176235,0.9820983494763209,0.9044888808618795,0.6508722904115943,0.0
918,0.981203681652703,0.982098573095961,0.878124994153634,0.6044459736860708,0.0
919,0.9812016173041604,0.9820984620764401,0.8583679125922168,0.5886447377725166,0.0
920,0.9811989956144003,0.9820986819894675,0.8335754317915327,0.5491892632850957,0.0
921,0.9812001409713321,0.982098913438278,0.8498930688714147,0.6016335119425633,0.0
922,0.981201173718675,0.9820974692279787,0.8615121324741919,0.644121690689413,0.0
923,0.9811985072334138,0.9820977219100898,0.8359018011649331,0.5930064890351593,0.0
924,0.9811976422450085,0.982097186041056,0.8283827987410156,0.6037179216255607,0.0
925,0.9811997547614422,0.982097472051326,0.8548293188077232,0.6628507923554889,0.0
926,0.9812051632220754,0.9820941375144627,0.9088977254069712,0.7488844035983175,0.0
927,0.9812034454692538,0.9820939972632664,0.8917807962814724,0.7298881479656446,0.0
928,0.981201092507898,0.9820943676270252,0.8695366221274488,0.6946205206755323,0.0
929,0.9812065113687942,0.9820947651245148,0.9261642565734074,0.7817108715314132,0.0
930,0.9812036388593347,0.9820950968383152,0.8980939829187099,0.7101148104855707,0.0
931,0.9812019595567502,0.9820949310949597,0.8812906585752089,0.6946232821063335,0.0
932,0.9812110026850026,0.9820953285829614,0.9707718303457248,0.8132766608397591,0.0
933,0.9812152521773866,0.9820924066124461,1.0058124701678446,0.8767503847974076,0.0
934,0.9812287448919563,0.982085409564384,1.1140215705849281,1.008955941979675,0.0
935,0.9812256787540368,0.9820860668871115,1.0854483769945689,0.9520617927870407,0.0
936,0.9812230357350846,0.9820862897648774,1.0595422573094255,0.9070610359435979,0.0
937,0.9812232350393888,0.9820852827167776,1.0572828360140798,0.9184782140623093,0.0
938,0.9812213731770323,0.9820859494618429,1.039654898029154,0.8974660373860137,0.0
939,0.9812181323284427,0.9820865865874819,1.0097503136213282,0.8320995050245322,0.0
940,0.9812159839826008,0.9820866888676567,0.9886915778978284,0.8052974175957519,0.0
941,0.9812184855689259,0.9820847544080227,1.0085688549767409,0.8527981157032662,0.0
942,0.9812176491112361,0.9820854431694661,1.000924260119382,0.8547640369609542,0.0
943,0.9812157204753423,0.9820861032295934,0.9834145139944447,0.8343077510607249,0.0
944,0.9812125507063765,0.9820867132914594,0.953765176063908,0.7607945623325907,0.0
945,0.9812207928736639,0.9820873823405134,1.0294134359518539,0.8693788057040982,0.0
946,0.9812214231862113,0.9820861820121471,1.0318989219969692,0.8894494017663036,0.0
947,0.981226102640294,0.982083212685212,1.0679700767965805,0.9530569786821471,0.0
948,0.9812242383651082,0.9820831779028032,1.0492143186532137,0.9269420878020568,0.0
949,0.981220739404228,0.9820839001945649,1.017312307195849,0.8388064806574009,0.0
950,0.9812175198843495,0.9820846055897579,0.9881202941978335,0.77925977752393,0.0
951,0.9812144695656224,0.9820851844745658,0.9598387901069012,0.7254574055571701,0.0
952,0.9812116741896714,0.9820858481396273,0.9345852839346109,0.6881172046528828,0.0
953,0.9812140747391253,0.9820840531741362,0.9565687270596328,0.744459426606639,0.0
954,0.9812178132588223,0.9820847879964894,0.9925672167322807,0.8143899443533011,0.0
955,0.9812145581158366,0.9820854475075468,0.962539987696326,0.7411660677572279,0.0
956,0.9812154817214723,0.9820861215114782,0.9725200423418682,0.778779044140318,0.0
957,0.9812126303145593,0.982086753851473,0.9466230287576012,0.7351736743640567,0.0
958,0.9812101732984518,0.982087366638816,0.9245792877045224,0.7073316288430294,0.0
959,0.981208181464336,0.9820879609589418,0.9072122865760042,0.6935751939819469,0.0
960,0.9812058524775842,0.982088533393844,0.8863851658406524,0.6689885305854837,0.0
961,0.981204302088805,0.9820890903369135,0.8736838645941244,0.6663619535136898,0.0
962,0.9812073156577585,0.9820896518753368,0.9074816099725898,0.7326410111755639,0.0
963,0.9812044987748821,0.9820901653203803,0.881151935990943,0.6790290270281546,0.0
964,0.9812032913668326,0.982090669413136,0.8717821917996659,0.6820265000841904,0.0
965,0.9812005464755361,0.9820911305795349,0.8455099575004662,0.622797419504494,0.0
966,0.9812047201578936,0.9820916294311728,0.8924293353496009,0.7045293990989918,0.0
967,0.981203525273687,0.9820913471521109,0.880962373915073,0.7017156893950196,0.0
968,0.9812115210760722,0.9820918589437901,0.9613179539426152,0.8116381637465993,0.0
969,0.9812084619858396,0.9820922930326137,0.9320842428225403,0.7344901424363738,0.0
970,0.9812126291569042,0.9820895480172694,0.9692683927300214,0.8041186384045412,0.0
971,0.9812095607021412,0.9820900645804161,0.9402643184678927,0.7365172160551661,0.0
972,0.9812082195814986,0.982089824628469,0.9267583562492513,0.7309706601971375,0.0
973,0.9812075589877614,0.9820903435419592,0.9218183565174468,0.7419379490762962,0.0
974,0.981206155163041,0.9820901531048737,0.9079202723639362,0.7330065520989058,0.0
975,0.9812040040275505,0.9820903229506758,0.8870202066896556,0.7043242402104931,0.0
976,0.9812135559715939,0.9820853199482777,0.9766362714364771,0.8228458892839969,0.0
977,0.981211166978606,0.9820856421651993,0.9533436750040262,0.7857919322805049,0.0
978,0.9812283628140984,0.9820772883444021,1.0985644142759796,0.9496006717153501,0.0
979,0.981233424616381,0.9820743381727381,1.1335598948575578,1.0130308868923874,0.0
980,0.9812314615884298,0.9820753708459363,1.1146992330097172,0.9877692638175783,0.0
981,0.9812296969061371,0.9820763697820674,1.097747708095191,0.9675723533009037,0.0
982,0.9812265567161385,0.9820773280643499,1.0693960337514585,0.9133608741493098,0.0
983,0.9812262605135852,0.9820767853727044,1.0635290198513685,0.9187224010473002,0.0
984,0.9812226921905299,0.9820777202174893,1.0311958688398368,0.8316212965567681,0.0
985,0.9812192347100801,0.9820786298572887,0.9997818779188185,0.7488194208101481,0.0
986,0.9812205982547308,0.9820774193501184,1.0099992576235264,0.7897739476483875,0.0
987,0.9812246992188502,0.9820783782108653,1.0461859192330258,0.8611363830602637,0.0
988,0.9812236752503419,0.9820792795482104,1.036831979773394,0.8627589738118046,0.0
989,0.9812203765769477,0.982080051167374,1.0067019573791143,0.7985794938135905,0.0
990,0.9812169981904907,0.9820808839200359,0.9760559779191919,0.7214101283316845,0.0
991,0.9812138595018979,0.9820816895531296,0.9476969765641172,0.6701073962932713,0.0
992,0.9812251193473587,0.9820760630336128,1.0461179007176085,0.8072701435063733,0.0
993,0.9812218154215463,0.9820769218048426,1.0160544778580975,0.7512608674077956,0.0
994,0.981220052663681,0.9820771177366531,0.9991650768156326,0.7443332054667959,0.0
995,0.9812202185171707,0.9820764772086132,0.9993125428701589,0.7700618859096079,0.0
996,0.9812171500764701,0.9820772932098965,0.9713130634954932,0.7211657266072427,0.0
997,0.981224632696719,0.9820782730201728,1.039587771285791,0.8288178066314706,0.0
998,0.9812224214082684,0.9820791717564773,1.0200681077872957,0.8100203120950247,0.0
999,0.9812201522033703,0.9820795085012084,0.9988399942710676,0.7861361798638019,0.0
